Subject,Mask,Model,a2,b1,b2,sigma,w1,w_v,w_avg,a2_s,b1_s,b2_s,sigma_s,w1_s,w_v_s,w_avg_s,b1+b2,b1+b2_s,Adjusted R2,bic,bic_rel
101,vmPFC,Null,42.467769183389635,0.0,0.0,1.0,0.0,0.0,0.0,0.6072598757562985,0.0,0.0,0.0,0.0,0.0,0.0,0.0,0.0,0.016706169866465448,2925699.5346629,0.0
101,OFCmed,Null,42.38418852441711,0.0,0.0,1.0,0.0,0.0,0.0,0.5905766035123434,0.0,0.0,0.0,0.0,0.0,0.0,0.0,0.0,0.01757890312977184,2909671.4565725788,0.0
101,dmPFC,Null,55.223143120273534,0.0,0.0,1.0,0.0,0.0,0.0,0.8083296372829909,0.0,0.0,0.0,0.0,0.0,0.0,0.0,0.0,0.015955301880898887,3090260.0383830597,0.0
101,vmPFC,Absolute,42.58444628366152,2.851403162701267,0.0,1.0,0.0,0.0,0.0,0.6067688451388471,0.12899707763671303,0.0,0.0,0.0,0.0,0.0,2.851403162701267,0.12899707763671303,0.018370005531391342,2925223.907391548,-475.62727135187015
101,OFCmed,Absolute,42.485402882370664,2.4735189367222787,0.0,1.0,0.0,0.0,0.0,0.5902014701609868,0.1254749078772785,0.0,0.0,0.0,0.0,0.0,2.4735189367222787,0.1254749078772785,0.0189008240695967,2909295.6705744793,-375.78599809948355
101,dmPFC,Absolute,55.39215071404641,4.1302778775185205,0.0,1.0,0.0,0.0,0.0,0.8075496896906988,0.17168243047176315,0.0,0.0,0.0,0.0,0.0,4.1302778775185205,0.17168243047176315,0.017927697970257173,3089694.4102794556,-565.6281036040746
101,vmPFC,Relative,-40.99934115856986,38.39061663072023,-43.84163007944838,1.0,0.0,0.0,0.0,0.7673571988883194,0.22885005086622373,0.26945650087902795,0.0,0.0,0.0,0.0,-5.451013448728148,0.11544226650601981,0.10615994092310388,2898283.429557818,-27416.10510508204
101,OFCmed,Relative,-38.01653562275249,37.247442891732135,-42.16810781861415,1.0,0.0,0.0,0.0,0.7466563252671159,0.22267639926405045,0.2621874155006122,0.0,0.0,0.0,0.0,-4.920664926882019,0.11232799875172172,0.10604176129886156,2882548.8316749623,-27122.62489761645
101,dmPFC,Relative,-58.23708622689906,52.16732319662577,-59.600083532283016,1.0,0.0,0.0,0.0,1.019265709549914,0.30397709148521007,0.35791385279645127,0.0,0.0,0.0,0.0,-7.4327603356572425,0.1533397273598704,0.10927595115582878,3061619.7058174764,-28640.33256558329
102,vmPFC,Null,46.038126432425116,0.0,0.0,1.0,0.0,0.0,0.0,0.4539920756575976,0.0,0.0,0.0,0.0,0.0,0.0,0.0,0.0,0.03467569860277786,2745308.0063250414,0.0
102,OFCmed,Null,43.898044494763255,0.0,0.0,1.0,0.0,0.0,0.0,0.43593116093291706,0.0,0.0,0.0,0.0,0.0,0.0,0.0,0.0,0.03422117939394553,2722051.469843011,0.0
102,dmPFC,Null,55.562872452538365,0.0,0.0,1.0,0.0,0.0,0.0,0.5451832649312637,0.0,0.0,0.0,0.0,0.0,0.0,0.0,0.0,0.03500827696166553,2850170.354772235,0.0
102,vmPFC,Absolute,41.31544762521374,3.7220144547458416,0.0,1.0,0.0,0.0,0.0,0.45614797460249923,0.05614797214922103,0.0,0.0,0.0,0.0,0.0,3.7220144547458416,0.05614797214922103,0.04925773744611839,2740959.5940608117,-4348.41226422973
102,OFCmed,Absolute,39.422456630469355,3.527278353003217,0.0,1.0,0.0,0.0,0.0,0.4380884472751436,0.05392499651124702,0.0,0.0,0.0,0.0,0.0,3.527278353003217,0.05392499651124702,0.04843150689779718,2717817.0403105174,-4234.429532493465
102,dmPFC,Absolute,49.96202977938364,4.414108549950907,0.0,1.0,0.0,0.0,0.0,0.5478759508787056,0.06743891312672133,0.0,0.0,0.0,0.0,0.0,4.414108549950907,0.06743891312672133,0.04922526107028258,2845930.430718243,-4239.924053991679
102,vmPFC,Relative,29.622090766134164,11.410483693113266,-6.254202868753218,1.0,0.0,0.0,0.0,0.49218031484739094,0.0876195266231564,0.05399765090742053,0.0,0.0,0.0,0.0,5.1562808243600475,0.04685748406441202,0.08862976025172653,2728856.401091935,-16451.605233106297
102,OFCmed,Relative,28.162598010184855,10.950401609653447,-5.999426428350529,1.0,0.0,0.0,0.0,0.4726159578955015,0.08413661669597003,0.051851223487979076,0.0,0.0,0.0,0.0,4.950975181302918,0.04499488102776875,0.08813975771635296,2705618.9918263834,-16432.478016627487
102,dmPFC,Relative,35.46099456286997,13.872926524551273,-7.623828502760034,1.0,0.0,0.0,0.0,0.5906027129465496,0.10514099930098547,0.06479568191114579,0.0,0.0,0.0,0.0,6.249098021791239,0.05622767993841984,0.09029810334836474,2833292.6137742666,-16877.74099796824
103,vmPFC,Null,72.9738518144552,0.0,0.0,1.0,0.0,0.0,0.0,0.5739625343718789,0.0,0.0,0.0,0.0,0.0,0.0,0.0,0.0,0.05329974750210542,2886445.1903723176,0.0
103,OFCmed,Null,71.81952517119797,0.0,0.0,1.0,0.0,0.0,0.0,0.5622553764773932,0.0,0.0,0.0,0.0,0.0,0.0,0.0,0.0,0.05377454805269932,2874613.7014422775,0.0
103,dmPFC,Null,93.20238228092845,0.0,0.0,1.0,0.0,0.0,0.0,0.7353461578479199,0.0,0.0,0.0,0.0,0.0,0.0,0.0,0.0,0.05299389200433324,3028699.548196425,0.0
103,vmPFC,Absolute,72.79970072520808,6.1997082722357755e-06,0.0,1.0,0.0,0.0,0.0,0.5865473933307946,0.12939349101700479,0.0,0.0,0.0,0.0,0.0,6.1997082722357755e-06,0.12939349101700479,0.0532897350039222,2886459.793807265,14.603434947319329
103,OFCmed,Absolute,71.60000807436947,7.812347695461899e-06,0.0,1.0,0.0,0.0,0.0,0.57458412734635,0.12674557392237815,0.0,0.0,0.0,0.0,0.0,7.812347695461899e-06,0.12674557392237815,0.05376014000099383,2874629.639883795,15.938441517297179
103,dmPFC,Absolute,92.76575194614905,-1.5951986160832469e-06,0.0,1.0,0.0,0.0,0.0,0.7514761523871766,0.16577744997259772,0.0,0.0,0.0,0.0,0.0,-1.5951986160832469e-06,0.16577744997259772,0.05296488081142792,3028719.9095069775,20.36131055234
103,vmPFC,Relative,8.016827591827159,21.176034865858625,-21.176035055891383,1.0,0.0,0.0,0.0,1.3050471948748803,0.22689824719183732,0.24324297068343234,0.0,0.0,0.0,0.0,-1.9003275752993432e-07,0.1238079151625654,0.08906275831968102,2875414.032572327,-11031.157799990382
103,OFCmed,Relative,7.784424326868449,20.94765387296493,-20.94768484023855,1.0,0.0,0.0,0.0,1.3435371803140994,0.2214183103935517,0.24862754474008866,0.0,0.0,0.0,0.0,-3.0967273620063906e-05,0.139895555458334,0.09047440578154664,2863281.3566659116,-11332.344776365906
103,dmPFC,Relative,5.901742151071909,28.038617026913922,-28.03865768468437,1.0,0.0,0.0,0.0,1.7550374413289997,0.2895198722422401,0.3247658238412329,0.0,0.0,0.0,0.0,-4.065777044814922e-05,0.1824273925690778,0.09024175921534283,3017203.887286832,-11495.660909593105
104,vmPFC,Null,20.34366489166843,0.0,0.0,1.0,0.0,0.0,0.0,0.22595830824374424,0.0,0.0,0.0,0.0,0.0,0.0,0.0,0.0,0.027401578511052627,2356894.943400532,0.0
104,OFCmed,Null,18.048016563377715,0.0,0.0,1.0,0.0,0.0,0.0,0.18315319925613902,0.0,0.0,0.0,0.0,0.0,0.0,0.0,0.0,0.03264317800961225,2236053.4929835103,0.0
104,dmPFC,Null,27.4523374946883,0.0,0.0,1.0,0.0,0.0,0.0,0.34089672056463555,0.0,0.0,0.0,0.0,0.0,0.0,0.0,0.0,0.02207708915384332,2593499.691720276,0.0
104,vmPFC,Absolute,21.25433729714964,3.330982646838694,0.0,1.0,0.0,0.0,0.0,0.22216422348305861,0.03267457319000541,0.0,0.0,0.0,0.0,0.0,3.330982646838694,0.03267457319000541,0.06130944087977974,2346698.0751037616,-10196.868296770379
104,OFCmed,Absolute,18.83367405395442,2.873713370147064,0.0,1.0,0.0,0.0,0.0,0.17964523258314227,0.026421136618437886,0.0,0.0,0.0,0.0,0.0,2.873713370147064,0.026421136618437886,0.07084889863472066,2224472.6945397323,-11580.798443777952
104,dmPFC,Absolute,28.68077455580572,4.493275640790849,0.0,1.0,0.0,0.0,0.0,0.33638467087193435,0.049473427255299476,0.0,0.0,0.0,0.0,0.0,4.493275640790849,0.049473427255299476,0.04933251498574853,2585379.5574705624,-8120.1342497137375
104,vmPFC,Relative,13.291227731808263,9.57636056308029,-7.798278522606856,1.0,0.0,0.0,0.0,0.23080466442101918,0.06504302481238919,0.061176836950159325,0.0,0.0,0.0,0.0,1.778082040473433,0.030543163351908518,0.09565129803072536,2335987.5626451853,-20907.380755346734
104,OFCmed,Relative,11.655076207008749,8.481775859810089,-6.979566279937847,1.0,0.0,0.0,0.0,0.1858667229226459,0.052341259147291666,0.04927460883955284,0.0,0.0,0.0,0.0,1.5022095798722415,0.024547913588356583,0.1135933629560344,2210935.8101266744,-25117.68285683589
104,dmPFC,Relative,18.743049615975753,12.527571435218249,-9.941770703150281,1.0,0.0,0.0,0.0,0.3506478126590332,0.09898221240523922,0.0928860237048592,0.0,0.0,0.0,0.0,2.585800732067968,0.046645408214349864,0.07397379265877246,2577836.127319386,-15663.56440088991
105,vmPFC,Null,16.07630021786916,0.0,0.0,1.0,0.0,0.0,0.0,0.21763930663227687,0.0,0.0,0.0,0.0,0.0,0.0,0.0,0.0,0.018643575671630996,2329704.868240751,0.0
105,OFCmed,Null,15.122376153224462,0.0,0.0,1.0,0.0,0.0,0.0,0.20755200110462724,0.0,0.0,0.0,0.0,0.0,0.0,0.0,0.0,0.018147777564000545,2302458.634276869,0.0
105,dmPFC,Null,18.00347212735758,0.0,0.0,1.0,0.0,0.0,0.0,0.2351948781245916,0.0,0.0,0.0,0.0,0.0,0.0,0.0,0.0,0.01999378815639985,2374242.556467297,0.0
105,vmPFC,Absolute,14.306942982907719,-1.0492585443407593e-07,0.0,1.0,0.0,0.0,0.0,0.2185936521548315,0.023223683701719434,0.0,0.0,0.0,0.0,0.0,-1.0492585443407593e-07,0.023223683701719434,0.017743928881564397,2329979.474870321,274.6066295700148
105,OFCmed,Absolute,13.486658661553026,-9.711410774752714e-08,0.0,1.0,0.0,0.0,0.0,0.20845422973136749,0.02216208627155957,0.0,0.0,0.0,0.0,0.0,-9.711410774752714e-08,0.02216208627155957,0.01730171288363913,2302717.456426262,258.8221493931487
105,dmPFC,Absolute,16.216776895002944,-1.0569397382874747e-07,0.0,1.0,0.0,0.0,0.0,0.23621428744985928,0.02509143086147004,0.0,0.0,0.0,0.0,0.0,-1.0569397382874747e-07,0.02509143086147004,0.019208909277481645,2374483.9366697385,241.38020244147629
105,vmPFC,Relative,14.07933741582626,0.02223793627816517,-0.02223745119787554,1.0,0.0,0.0,0.0,0.2598802573686,0.052928324318267536,0.047199233772173964,0.0,0.0,0.0,0.0,4.850802896305684e-07,0.018246125272773375,0.017049560916966522,2330193.8972882177,489.0290474668145
105,OFCmed,Relative,13.271838958953476,0.00715521514668742,-0.007154926376779067,1.0,0.0,0.0,0.0,0.24782722842936658,0.050473552710303314,0.04501017281574462,0.0,0.0,0.0,0.0,2.8876990835341454e-07,0.017399885134036036,0.016615724844620594,2302929.3414065824,470.70712971361354
105,dmPFC,Relative,12.81789593391157,1.5339655597754571,-1.5339672869447123,1.0,0.0,0.0,0.0,0.2817679620807745,0.05639475538937077,0.05033451489129028,0.0,0.0,0.0,0.0,-1.727169255172356e-06,0.022701369867641256,0.02827795605936334,2371828.7990073697,-2413.7574599273503
106,vmPFC,Null,18.009608146524474,0.0,0.0,1.0,0.0,0.0,0.0,0.3790187835843315,0.0,0.0,0.0,0.0,0.0,0.0,0.0,0.0,0.007827815136784766,2635273.120162717,0.0
106,OFCmed,Null,16.127289575766113,0.0,0.0,1.0,0.0,0.0,0.0,0.31438485501595764,0.0,0.0,0.0,0.0,0.0,0.0,0.0,0.0,0.009112375768377201,2528393.68134381,0.0
106,dmPFC,Null,17.10921571930704,0.0,0.0,1.0,0.0,0.0,0.0,0.4702001348671165,0.0,0.0,0.0,0.0,0.0,0.0,0.0,0.0,0.00460056051924429,2758504.367775971,0.0
106,vmPFC,Absolute,16.731583682679656,-2.1716548205833722e-07,0.0,1.0,0.0,0.0,0.0,0.3792265572532245,0.026572077959292267,0.0,0.0,0.0,0.0,0.0,-2.1716548205833722e-07,0.026572077959292267,0.007646253255779167,2635336.982477367,63.86231464985758
106,OFCmed,Absolute,15.322994647590882,-1.3698468706405005e-07,0.0,1.0,0.0,0.0,0.0,0.314544991152351,0.02204056917818411,0.0,0.0,0.0,0.0,0.0,-1.3698468706405005e-07,0.02204056917818411,0.009006525709870261,2528435.77543125,42.094087440054864
106,dmPFC,Absolute,14.64789754173358,-4.1844336647944824e-07,0.0,1.0,0.0,0.0,0.0,0.47051711200652946,0.03297387629075546,0.0,0.0,0.0,0.0,0.0,-4.1844336647944824e-07,0.03297387629075546,0.004166487487624604,2758640.545196136,136.17742016492411
106,vmPFC,Relative,15.706113349122802,0.008102318175943446,-0.00810220111335909,1.0,0.0,0.0,0.0,0.40888890994740595,0.039621933246028605,0.05391346478697726,0.0,0.0,0.0,0.0,1.170625843569667e-07,0.026531312491001418,0.007241449227893493,2635465.115619394,191.9954566769302
106,OFCmed,Relative,13.133011144404554,0.2916270614909066,-0.291627812267946,1.0,0.0,0.0,0.0,0.391079653567201,0.03139950385686967,0.04038296330539968,0.0,0.0,0.0,0.0,-7.507770393710977e-07,0.027766388246137218,0.010025506624364522,2528153.2921825214,-240.38916128873825
106,dmPFC,Relative,12.898928044063611,-0.04508684562280587,0.04508680146180762,1.0,0.0,0.0,0.0,0.5074789783256591,0.04917545452219046,0.06691291677305224,0.0,0.0,0.0,0.0,-4.4160998247111394e-08,0.03292846257447841,0.0031371830788744504,2758947.385508809,443.0177328377031
107,vmPFC,Null,16.456165147149083,0.0,0.0,1.0,0.0,0.0,0.0,0.2568145766567901,0.0,0.0,0.0,0.0,0.0,0.0,0.0,0.0,0.015608391512134001,2164106.3494354966,0.0
107,OFCmed,Null,15.75882079545966,0.0,0.0,1.0,0.0,0.0,0.0,0.2430550353191125,0.0,0.0,0.0,0.0,0.0,0.0,0.0,0.0,0.01598330574069151,2135548.3469579015,0.0
107,dmPFC,Null,24.27370222643995,0.0,0.0,1.0,0.0,0.0,0.0,0.42701370168788183,0.0,0.0,0.0,0.0,0.0,0.0,0.0,0.0,0.012302616018542545,2427799.707033545,0.0
107,vmPFC,Absolute,16.174915638016618,0.17948748492045719,0.0,1.0,0.0,0.0,0.0,0.2701133800843951,0.05343247398431302,0.0,0.0,0.0,0.0,0.0,0.17948748492045719,0.05343247398431302,0.015647430698190412,2164107.531408411,1.1819729143753648
107,OFCmed,Absolute,15.444545924658666,0.20056356951566878,0.0,1.0,0.0,0.0,0.0,0.25563912745524914,0.05056924988547665,0.0,0.0,0.0,0.0,0.0,0.20056356951566878,0.05056924988547665,0.0160392012546392,2135545.0828715223,-3.2640863792039454
107,dmPFC,Absolute,24.23309640902065,0.025913856447909334,0.0,1.0,0.0,0.0,0.0,0.4491357405337694,0.08884577883422165,0.0,0.0,0.0,0.0,0.0,0.025913856447909334,0.08884577883422165,0.01229913097584312,2427812.087720047,12.380686502438039
107,vmPFC,Relative,1.4941771366280197,3.9917640229681854,-3.9917687220853355,1.0,0.0,0.0,0.0,0.7055563910939041,0.08050044404452396,0.0955206972466341,0.0,0.0,0.0,0.0,-4.699117150064325e-06,0.061098048208989064,0.028812818488321845,2160627.477777369,-3478.871658127755
107,OFCmed,Relative,-2.295889826814601,4.339109558053887,-4.339112530661232,1.0,0.0,0.0,0.0,0.6522859709102559,0.07620757077083051,0.08842695124019512,0.0,0.0,0.0,0.0,-2.9726073451641355e-06,0.05501220726583762,0.031014305170748102,2131579.793033948,-3968.5539239533246
107,dmPFC,Relative,19.049367595327737,6.057596813639105,-4.038455062574951,1.0,0.0,0.0,0.0,0.4850016095094617,0.15251998222176447,0.10228262368182063,0.0,0.0,0.0,0.0,2.0191417510641534,0.06897308092624677,0.018453549238388933,2426202.754885606,-1596.9521479387768
108,vmPFC,Null,13.404269115721405,0.0,0.0,1.0,0.0,0.0,0.0,0.2677196403088061,0.0,0.0,0.0,0.0,0.0,0.0,0.0,0.0,0.008758114900548453,2430932.05951961,0.0
108,OFCmed,Null,12.69747021850462,0.0,0.0,1.0,0.0,0.0,0.0,0.23835207763943364,0.0,0.0,0.0,0.0,0.0,0.0,0.0,0.0,0.009901010354812056,2364655.081425899,0.0
108,dmPFC,Null,14.636905757418269,0.0,0.0,1.0,0.0,0.0,0.0,0.34766887150073283,0.0,0.0,0.0,0.0,0.0,0.0,0.0,0.0,0.006184756776545508,2579986.529710354,0.0
108,vmPFC,Absolute,13.352281434128642,1.221296836621069,0.0,1.0,0.0,0.0,0.0,0.2676906487968788,0.10330125352318775,0.0,0.0,0.0,0.0,0.0,1.221296836621069,0.10330125352318775,0.009240203990845242,2430804.8771941694,-127.18232544045895
108,OFCmed,Absolute,12.651028656062444,1.0910071504511205,0.0,1.0,0.0,0.0,0.0,0.2383258703284905,0.09196944780970562,0.0,0.0,0.0,0.0,0.0,1.0910071504511205,0.09196944780970562,0.01038583275459104,2364526.9511702117,-128.13025568751618
108,dmPFC,Absolute,14.607068464314196,0.7009389906424092,0.0,1.0,0.0,0.0,0.0,0.34769976290381466,0.13417660106742163,0.0,0.0,0.0,0.0,0.0,0.7009389906424092,0.13417660106742163,0.006276358895810352,2579971.8013907126,-14.728319641202688
108,vmPFC,Relative,4.6945729969940855,16.724994341453623,-14.44264665207111,1.0,0.0,0.0,0.0,0.2858158490510518,0.18134772187218592,0.1494642321202665,0.0,0.0,0.0,0.0,2.2823476893825134,0.08453748229445145,0.040824550424063966,2421576.3025555033,-9355.756964106578
108,OFCmed,Relative,4.322791600017686,15.747877694649786,-13.72955083301305,1.0,0.0,0.0,0.0,0.25389200916326393,0.16109231736303964,0.13277001368559568,0.0,0.0,0.0,0.0,2.0183268616367354,0.07509517509561196,0.04622692519464,2354017.4450143245,-10637.63641157467
108,dmPFC,Relative,6.113795263147719,16.636930488382987,-14.260803949773319,1.0,0.0,0.0,0.0,0.3737615459990943,0.2371485175331176,0.19545446011853007,0.0,0.0,0.0,0.0,2.376126538609668,0.11054971298161453,0.024854249491763958,2574600.8995432295,-5385.630167124327
109,vmPFC,Null,8.996822441586566,0.0,0.0,1.0,0.0,0.0,0.0,0.2886669378468084,0.0,0.0,0.0,0.0,0.0,0.0,0.0,0.0,0.004624598201360852,1745463.0478498086,0.0
109,OFCmed,Null,9.200785965381963,0.0,0.0,1.0,0.0,0.0,0.0,0.27735373496314897,0.0,0.0,0.0,0.0,0.0,0.0,0.0,0.0,0.0052378701339858,1728776.179715782,0.0
109,dmPFC,Null,12.43930731163836,0.0,0.0,1.0,0.0,0.0,0.0,0.4230308701792232,0.0,0.0,0.0,0.0,0.0,0.0,0.0,0.0,0.0041136599133797525,1904974.5931128678,0.0
109,vmPFC,Absolute,8.854254130020022,3.090152843903418,0.0,1.0,0.0,0.0,0.0,0.2868791080962932,0.060255851941592366,0.0,0.0,0.0,0.0,0.0,3.090152843903418,0.060255851941592366,0.017008248936551174,1742861.6467024777,-2601.4011473308783
109,OFCmed,Absolute,9.04916174669379,3.286439082638989,0.0,1.0,0.0,0.0,0.0,0.2752444966325926,0.057812127712931614,0.0,0.0,0.0,0.0,0.0,3.286439082638989,0.057812127712931614,0.020402404471177693,1725581.5646215526,-3194.615094229346
109,dmPFC,Absolute,12.233523507335024,4.460343163331036,0.0,1.0,0.0,0.0,0.0,0.42049001416452814,0.08831937675347389,0.0,0.0,0.0,0.0,0.0,4.460343163331036,0.08831937675347389,0.016133342442821164,1902451.7575090511,-2522.8356038166676
109,vmPFC,Relative,6.536181922583884,6.0141568747997045,-2.885666494650391,1.0,0.0,0.0,0.0,0.29557863561174347,0.09009073816215232,0.06451747894310061,0.0,0.0,0.0,0.0,3.1284903801493136,0.05647822863118754,0.026082475633990465,1740937.4728927447,-4525.574957063887
109,OFCmed,Relative,6.418702892889902,6.514821979457428,-3.204381231278755,1.0,0.0,0.0,0.0,0.283179355172628,0.08631150585401957,0.06181102380910238,0.0,0.0,0.0,0.0,3.3104407481786726,0.054109013430919395,0.03226227847634788,1723050.7963820589,-5725.383333723061
109,dmPFC,Relative,9.217188379341996,8.398978308076318,-3.8857096460552136,1.0,0.0,0.0,0.0,0.43353389419770816,0.13213874016081859,0.09462968735791843,0.0,0.0,0.0,0.0,4.513268662021105,0.08283828204993947,0.023898334159563217,1900809.4157306508,-4165.177382217022
110,vmPFC,Null,18.36528246990136,0.0,0.0,1.0,0.0,0.0,0.0,0.22036638058842029,0.0,0.0,0.0,0.0,0.0,0.0,0.0,0.0,0.023614640362661032,2336853.579871208,0.0
110,OFCmed,Null,16.819052049887414,0.0,0.0,1.0,0.0,0.0,0.0,0.171325134210796,0.0,0.0,0.0,0.0,0.0,0.0,0.0,0.0,0.03247511075180354,2192330.76360496,0.0
110,dmPFC,Null,21.45518809852888,0.0,0.0,1.0,0.0,0.0,0.0,0.24207937501827823,0.0,0.0,0.0,0.0,0.0,0.0,0.0,0.0,0.026632705757789754,2390806.2015053034,0.0
110,vmPFC,Absolute,17.954914545364183,2.4229333624137097,0.0,1.0,0.0,0.0,0.0,0.22069534797620238,0.09446290818081216,0.0,0.0,0.0,0.0,0.0,2.4229333624137097,0.09446290818081216,0.02584388943293081,2336208.9902786296,-644.5895925783552
110,OFCmed,Absolute,16.524199561835406,1.7408961303797534,0.0,1.0,0.0,0.0,0.0,0.17160957553193779,0.07345301895243729,0.0,0.0,0.0,0.0,0.0,1.7408961303797534,0.07345301895243729,0.034361353451997534,2191782.143680529,-548.6199244307354
110,dmPFC,Absolute,21.026138705054876,2.533234271962087,0.0,1.0,0.0,0.0,0.0,0.2424669193505051,0.10378166352228786,0.0,0.0,0.0,0.0,0.0,2.533234271962087,0.10378166352228786,0.028645447497962717,2390223.5658519934,-582.6356533099897
110,vmPFC,Relative,1.7501509550116678,22.767004846281008,-19.804322634002542,1.0,0.0,0.0,0.0,0.25828750163825964,0.16151198795348215,0.13500792770354136,0.0,0.0,0.0,0.0,2.962682212278466,0.06926697060940006,0.09275883327786016,2315792.361456457,-21061.21841475088
110,OFCmed,Relative,0.9295745490393437,20.632860493304847,-18.330107399112165,1.0,0.0,0.0,0.0,0.19769665971247077,0.12362340537114205,0.10333684815911534,0.0,0.0,0.0,0.0,2.3027530941926813,0.05301785269906135,0.12862713547745397,2162306.8857898773,-30023.87781508267
110,dmPFC,Relative,1.248607624769614,26.68761520620772,-23.55027159610712,1.0,0.0,0.0,0.0,0.2819653599566703,0.17631819458196765,0.1473844410490154,0.0,0.0,0.0,0.0,3.1373436101006007,0.0756168465057759,0.10682188589746222,2366149.1289740144,-24657.072531288955
111,vmPFC,Null,13.356845312690243,0.0,0.0,1.0,0.0,0.0,0.0,0.2270218785660535,0.0,0.0,0.0,0.0,0.0,0.0,0.0,0.0,0.01186195001492063,2365266.107829211,0.0
111,OFCmed,Null,13.10093379275483,0.0,0.0,1.0,0.0,0.0,0.0,0.1523415252123413,0.0,0.0,0.0,0.0,0.0,0.0,0.0,0.0,0.025000952712851854,2135247.9610654474,0.0
111,dmPFC,Null,17.694944491258454,0.0,0.0,1.0,0.0,0.0,0.0,0.28983539494256044,0.0,0.0,0.0,0.0,0.0,0.0,0.0,0.0,0.012754680063081336,2506110.3240795364,0.0
111,vmPFC,Absolute,13.682244358930753,2.852722528351727,0.0,1.0,0.0,0.0,0.0,0.22576554468072524,0.048945916775059904,0.0,0.0,0.0,0.0,0.0,2.852722528351727,0.048945916775059904,0.02336597921457151,2361901.5632573194,-3364.544571891427
111,OFCmed,Absolute,13.34626542240661,2.150783883358508,0.0,1.0,0.0,0.0,0.0,0.15126414952295958,0.03279403188804424,0.0,0.0,0.0,0.0,0.0,2.150783883358508,0.03279403188804424,0.03933064100618311,2130990.9043643894,-4257.056701058056
111,dmPFC,Absolute,18.080218273105995,3.377636147727648,0.0,1.0,0.0,0.0,0.0,0.2884689491472847,0.06254000003971422,0.0,0.0,0.0,0.0,0.0,3.377636147727648,0.06254000003971422,0.022639656639257044,2503220.6898946986,-2889.634184837807
111,vmPFC,Relative,9.21890387498678,8.305949865088744,-6.023004462365315,1.0,0.0,0.0,0.0,0.23613173552534245,0.09129490120552648,0.07604397352037891,0.0,0.0,0.0,0.0,2.2829454027234286,0.044424442033887936,0.03943577987546898,2357129.9076453215,-8136.200183889363
111,OFCmed,Relative,7.581721748260266,7.952929791878532,-6.573246956774273,1.0,0.0,0.0,0.0,0.15997368210798896,0.060071096652300794,0.05181150863928005,0.0,0.0,0.0,0.0,1.3796828351042585,0.02801778220825169,0.08218153170805464,2117847.1549959877,-17400.806069459766
111,dmPFC,Relative,9.568517663553425,12.14301806849208,-9.8944058517444,1.0,0.0,0.0,0.0,0.3076893392362771,0.11557795957177051,0.09965428474862315,0.0,0.0,0.0,0.0,2.248612216747679,0.05392103358611923,0.049739552946428955,2495125.4649642827,-10984.859115253668
112,vmPFC,Null,21.8528043464636,0.0,0.0,1.0,0.0,0.0,0.0,0.24400532592122792,0.0,0.0,0.0,0.0,0.0,0.0,0.0,0.0,0.027126564592461988,2401098.405593845,0.0
112,OFCmed,Null,18.88618315135986,0.0,0.0,1.0,0.0,0.0,0.0,0.17597546258705266,0.0,0.0,0.0,0.0,0.0,0.0,0.0,0.0,0.038516933984761303,2213044.587498022,0.0
112,dmPFC,Null,26.52733740446655,0.0,0.0,1.0,0.0,0.0,0.0,0.3073348613116748,0.0,0.0,0.0,0.0,0.0,0.0,0.0,0.0,0.025233917851967158,2533861.4908286547,0.0
112,vmPFC,Absolute,21.64512582688387,0.46094072157555294,0.0,1.0,0.0,0.0,0.0,0.24470983202380142,0.042595825152923275,0.0,0.0,0.0,0.0,0.0,0.46094072157555294,0.042595825152923275,0.02751903539772138,2400993.897615298,-104.50797854689881
112,OFCmed,Absolute,18.70913722338696,0.39295226296540475,0.0,1.0,0.0,0.0,0.0,0.17646927830671008,0.030717419332599503,0.0,0.0,0.0,0.0,0.0,0.39295226296540475,0.030717419332599503,0.03906023326449781,2212893.55358598,-151.0339120416902
112,dmPFC,Absolute,26.312196168735618,0.4775044275609873,0.0,1.0,0.0,0.0,0.0,0.30824251180919504,0.05365474706531599,0.0,0.0,0.0,0.0,0.0,0.4775044275609873,0.05365474706531599,0.02549882728660513,2533794.867807552,-66.62302110251039
112,vmPFC,Relative,13.237867265290808,3.322915344590084,-2.7615934384043004,1.0,0.0,0.0,0.0,0.3451497949706263,0.062164158878424414,0.05193521989385449,0.0,0.0,0.0,0.0,0.5613219061857837,0.031274491583641296,0.03732249352810313,2398090.6847636127,-3007.7208302323706
112,OFCmed,Relative,13.68423040764216,2.5954628658070527,-1.9684327343349555,1.0,0.0,0.0,0.0,0.22851959332910857,0.04617385577628518,0.035835342234312846,0.0,0.0,0.0,0.0,0.6270301314720972,0.022729949465784535,0.04940972363235363,2209789.953212759,-3254.634285262786
112,dmPFC,Relative,15.831004454184981,4.038469474892378,-3.38223781507565,1.0,0.0,0.0,0.0,0.44967133362359263,0.07750054260493047,0.06652570204666476,0.0,0.0,0.0,0.0,0.6562316598167279,0.03962237903917491,0.034808439074004105,2531044.9591054204,-2816.531723234337
113,vmPFC,Null,17.243364252389604,0.0,0.0,1.0,0.0,0.0,0.0,0.31939601015507546,0.0,0.0,0.0,0.0,0.0,0.0,0.0,0.0,0.010229264151144335,2507044.3800475732,0.0
113,OFCmed,Null,16.21765585482623,0.0,0.0,1.0,0.0,0.0,0.0,0.26955641987166334,0.0,0.0,0.0,0.0,0.0,0.0,0.0,0.0,0.012651857355099994,2411109.1004349156,0.0
113,dmPFC,Null,24.14011376873024,0.0,0.0,1.0,0.0,0.0,0.0,0.4553207117918434,0.0,0.0,0.0,0.0,0.0,0.0,0.0,0.0,0.009834805515977152,2707545.3680409403,0.0
113,vmPFC,Absolute,17.157295583606828,1.4652988214815368,0.0,1.0,0.0,0.0,0.0,0.3185605660375131,0.03783690661691934,0.0,0.0,0.0,0.0,0.0,1.4652988214815368,0.03783690661691934,0.0154483016434388,2505561.1170392507,-1483.2630083225667
113,OFCmed,Absolute,16.134994233564544,1.407294454871082,0.0,1.0,0.0,0.0,0.0,0.2686408908740462,0.031907716713769026,0.0,0.0,0.0,0.0,0.0,1.407294454871082,0.031907716713769026,0.019395113356343474,2409183.022935769,-1926.0774991465732
113,dmPFC,Absolute,24.00176811667898,2.3552999866777142,0.0,1.0,0.0,0.0,0.0,0.45380278430605764,0.05390024816907315,0.0,0.0,0.0,0.0,0.0,2.3552999866777142,0.05390024816907315,0.016473609863986827,2705654.8507401035,-1890.517300836742
113,vmPFC,Relative,9.751777284183378,5.710342584217139,-4.463345864258488,1.0,0.0,0.0,0.0,0.33955039921633745,0.05883403999374749,0.04961837001764983,0.0,0.0,0.0,0.0,1.2469967199586511,0.031194407756046587,0.04282100792221999,2497600.5885150274,-9443.791532545816
113,OFCmed,Relative,10.316220063635837,5.0013543444100375,-3.7459841840638513,1.0,0.0,0.0,0.0,0.28124064484558786,0.049986937986988,0.04103313181491959,0.0,0.0,0.0,0.0,1.2553701603461862,0.027110415968188147,0.046984357098940666,2401125.714845589,-9983.385589326732
113,dmPFC,Relative,15.696433042184958,7.662564181530732,-5.575887204158339,1.0,0.0,0.0,0.0,0.47651598581062843,0.08472567031974221,0.06951964920424887,0.0,0.0,0.0,0.0,2.0866769773723934,0.04597087673452899,0.03786755217008797,2699448.330083101,-8097.037957839202
114,vmPFC,Null,17.286210552796327,0.0,0.0,1.0,0.0,0.0,0.0,0.16132270408489544,0.0,0.0,0.0,0.0,0.0,0.0,0.0,0.0,0.03864067653945724,2147119.292394741,0.0
114,OFCmed,Null,16.119498028028726,0.0,0.0,1.0,0.0,0.0,0.0,0.1406120149175443,0.0,0.0,0.0,0.0,0.0,0.0,0.0,0.0,0.04397266896165697,2068573.266459003,0.0
114,dmPFC,Null,18.84707934255399,0.0,0.0,1.0,0.0,0.0,0.0,0.21436346723886454,0.0,0.0,0.0,0.0,0.0,0.0,0.0,0.0,0.026338317912004694,2309620.1154604238,0.0
114,vmPFC,Absolute,16.86071551850314,1.736424034869501,0.0,1.0,0.0,0.0,0.0,0.16015671185895058,0.025542590221747576,0.0,0.0,0.0,0.0,0.0,1.736424034869501,0.025542590221747576,0.05393440276150463,2142547.2696243087,-4572.02277043229
114,OFCmed,Absolute,15.747543891888808,1.5179261651477578,0.0,1.0,0.0,0.0,0.0,0.1395891041222503,0.022262365689204106,0.0,0.0,0.0,0.0,0.0,1.5179261651477578,0.022262365689204106,0.05927065568911627,2063974.178219702,-4599.088239300996
114,dmPFC,Absolute,18.304632080567487,2.213700045874558,0.0,1.0,0.0,0.0,0.0,0.21295087959332135,0.033962467089287636,0.0,0.0,0.0,0.0,0.0,2.213700045874558,0.033962467089287636,0.04059579932893553,2305415.3520079106,-4204.763452513143
114,vmPFC,Relative,7.351462167719899,4.922868915347428,-3.8122490234154176,1.0,0.0,0.0,0.0,0.19430804321993744,0.04195616163935899,0.03256243905349919,0.0,0.0,0.0,0.0,1.1106198919320107,0.01956978638592114,0.0851122431718977,2132980.6881553167,-14138.604239424225
114,OFCmed,Relative,6.996531909225026,4.574196112632613,-3.525562942128267,1.0,0.0,0.0,0.0,0.16879689606820628,0.036447641284576705,0.02828724200684385,0.0,0.0,0.0,0.0,1.0486331705043463,0.01700042440336718,0.09625509692446355,2052521.7753673545,-16051.491091648582
114,dmPFC,Relative,6.845643104445459,5.957570532209668,-4.6102137902891975,1.0,0.0,0.0,0.0,0.25931384517675377,0.055992605483206725,0.043456210774221064,0.0,0.0,0.0,0.0,1.3473567419204704,0.026116863070515403,0.06534906177936117,2297955.639406968,-11664.476053455845
